datetime,temperature,precipitation
2022-09-17 12:04:00,65.6,0.0
2022-09-17 01:05:00,67.8,0.0
2024-09-17 13:06:00,64.1,0.0
2022-09-16 19:00:00,63.6,0.0
2023-09-17 19:13:00,65.6,0.2
2023-09-19 04:45:00,72.8,0.0
2024-09-20 01:25:00,65.3,0.6
2022-09-20 04:15:00,76.1,0.0
2024-09-22 05:05:00,72.1,0.0
2023-09-21 18:45:00,62.2,0.0
datetime,temperature,precipitation
2024-09-19 18:00:00,62.1,0.1
2022-09-19 18:00:00,65.1,0.0
2022-09-28 12:15:00,68.8,0.0
2023-09-28 17:30:00,61.1,0.0
2023-09-28 11:30:00,65.1,0.0
2024-09-28 21:15:00,58.3,0.0
2024-09-29 17:30:00,59.8,0.0
2024-09-28 12:15:00,63.2,0.0
2024-09-28 11:30:00,64.1,0.0
2022-09-28 11:15:00,69.7,0.0
2024-09-04 04:30:00,84.2,0.0
2023-09-05 04:30:00,71.2,0.1
2022-09-02 13:00:00,73.9,0.0
2022-06-30 20:00:00,64.4,0.0
2023-07-01 21:00:00,62.9,0.0
2023-07-25 21:00:00,65.6,0.0
2022-06-30 21:00:00,65.6,0.0
2023-09-07 01:10:00,67.2,0.0
2023-09-14 19:20:00,63.7,0.0
2023-09-16 12:02:00,67.0,0.0
2023-09-22 19:00:00,64.3,0.0
2023-09-23 00:00:00,65.2,0.0
2023-09-26 13:30:00,65.0,0.0
2022-09-23 15:28:00,68.6,0.0
2022-09-24 07:00:00,80.3,0.0
2022-09-26 00:03:00,69.1,0.0
2024-09-26 08:37:00,71.2,0.0
2024-09-22 02:15:00,68.6,0.0
2023-09-26 20:35:00,59.5,0.0
2022-09-23 14:00:00,69.4,0.0
2022-09-29 15:15:00,68.1,0.0
2023-09-28 00:00:00,62.0,0.0
2024-09-30 16:25:00,63.1,0.0
2023-04-02 13:35:00,55.2,0.0
2023-04-03 01:20:00,53.4,0.0
2022-04-03 11:30:00,57.8,0.0
2023-04-02 11:37:00,55.9,0.0
2023-03-20 10:00:00,54.6,0.4
2022-04-07 16:34:00,61.3,0.0
2023-04-06 19:50:00,47.4,0.0
2024-04-28 12:15:00,59.1,0.0
2024-04-29 09:25:00,65.4,0.0
2023-04-29 13:15:00,56.6,0.0
2024-02-28 19:10:00,52.0,0.0
2024-03-01 13:15:00,53.7,0.0
2023-03-01 22:30:00,38.9,0.0
2023-03-04 03:30:00,53.5,0.0
2023-03-02 18:00:00,41.7,0.0
2022-03-05 02:35:00,55.5,0.2
2024-03-05 19:52:00,50.1,0.0
2024-04-21 00:00:00,58.1,0.0
2023-04-22 06:05:00,74.9,0.0
2023-04-22 13:00:00,59.5,0.0
2023-04-23 23:22:00,56.0,0.0
2022-04-24 13:22:00,65.2,0.0
2024-04-25 20:52:00,55.0,0.0
2024-04-25 20:37:00,55.0,0.0
2024-04-24 13:40:00,57.2,0.0
2023-04-26 23:00:00,56.6,0.0
2022-04-27 21:00:00,56.3,0.1
2022-04-11 07:30:00,62.9,0.0
2023-04-12 21:05:00,52.3,0.3
2022-04-12 10:00:00,60.4,0.0
2023-04-13 13:00:00,51.4,0.0
2023-04-14 16:20:00,50.5,0.0
2022-04-13 13:00:00,55.8,0.0
2024-04-16 07:22:00,66.8,0.0
2023-04-16 11:37:00,54.1,0.0
2023-04-19 12:50:00,54.8,0.0
2023-04-19 12:45:00,54.8,0.0
2024-03-10 14:40:00,53.6,0.0
2024-03-11 21:25:00,53.5,0.1
2022-03-12 02:34:00,67.7,0.0
2023-03-11 21:05:00,55.7,0.0
2022-03-14 07:40:00,66.6,0.0
2024-03-11 20:45:00,53.2,0.2
2023-03-17 00:00:00,47.1,0.0
2023-03-12 22:55:00,54.4,0.0
2022-03-17 02:15:00,64.1,0.0
2024-03-21 14:15:00,54.4,0.0
2023-03-04 14:15:00,49.4,0.0
2024-03-06 05:47:00,60.4,0.0
2022-03-04 14:15:00,54.1,0.1
2022-03-07 16:20:00,47.4,0.0
2024-03-07 16:52:00,50.5,0.0
2024-03-07 19:14:00,49.4,0.0
2024-03-07 19:27:00,49.4,0.0
2023-03-07 04:55:00,57.1,0.0
2023-03-08 19:04:00,43.8,0.0
2024-03-06 11:59:00,53.4,3.8
2024-03-21 15:00:00,53.2,0.0
2024-03-26 04:00:00,59.7,0.1
2023-02-03 00:30:00,50.3,0.0
2024-03-29 20:15:00,53.3,1.9
2023-03-30 15:25:00,46.6,0.0
2023-03-31 13:50:00,52.2,0.0
2024-03-31 13:32:00,50.7,0.0
2024-03-31 17:22:00,48.7,0.0
2023-12-01 08:20:00,59.7,0.0
2023-12-02 00:30:00,53.3,0.0
2024-12-02 23:30:00,,
2024-12-04 15:55:00,,
2023-12-06 08:07:00,62.8,0.0
2024-12-06 03:45:00,,
2023-12-06 16:56:00,57.4,0.0
2023-12-06 16:30:00,57.4,0.0
2023-12-06 13:55:00,56.7,0.0
2024-12-07 19:00:00,,
2023-12-07 17:01:00,51.5,0.0
2024-12-07 18:34:00,,
2022-01-03 12:30:00,45.8,0.0
2022-12-22 13:30:00,49.3,0.0
2022-01-05 05:00:00,62.5,0.0
2024-01-04 05:00:00,58.2,0.0
2024-01-05 09:15:00,55.8,0.0
2023-01-05 09:45:00,54.0,0.4
2024-01-07 16:19:00,43.0,0.0
2022-01-06 17:15:00,50.8,0.0
2024-12-26 00:00:00,,
2024-12-20 03:00:00,,
2024-12-07 14:30:00,,
2023-12-10 20:30:00,46.8,0.0
2024-12-11 13:55:00,,
2022-12-16 00:00:00,50.9,0.0
2023-12-16 19:28:00,49.4,0.0
2022-12-18 10:55:00,52.7,0.0
2024-12-19 19:50:00,,
2024-12-23 18:40:00,,
2022-12-28 05:30:00,60.4,0.0
2022-12-21 21:00:00,46.9,0.0
2023-12-20 14:00:00,59.9,0.2
2022-01-02 02:00:00,53.7,0.0
2024-01-02 13:20:00,53.9,0.0
2023-12-24 14:25:00,52.5,0.0
2023-12-22 13:15:00,53.0,0.0
2023-12-23 12:25:00,55.4,0.0
2022-01-03 17:13:00,41.7,0.0
2023-01-03 22:30:00,57.0,0.0
2024-01-04 00:21:00,47.2,0.0
2022-01-04 08:40:00,56.2,0.0
2023-01-08 14:22:00,50.7,0.0
2024-12-23 07:30:00,,
2023-01-08 20:55:00,50.6,0.0
2024-01-07 11:00:00,52.8,0.0
2023-01-12 18:50:00,47.2,0.0
2023-01-13 13:05:00,49.1,0.0
2023-01-13 18:45:00,47.6,0.0
2022-12-28 12:55:00,52.8,0.0
2024-01-16 10:10:00,56.7,0.0
2024-01-16 19:45:00,51.3,0.0
2022-06-30 08:45:00,74.9,0.0
2022-01-16 14:40:00,56.8,0.1
2024-12-29 13:30:00,,
2022-01-18 11:22:00,55.3,0.0
2023-01-18 14:17:00,45.3,0.0
2023-01-17 20:30:00,44.1,0.0
2022-01-19 15:20:00,51.4,0.0
2024-01-20 02:20:00,59.5,0.0
2023-01-20 12:55:00,48.2,0.0
2024-01-19 15:15:00,55.0,0.0
2023-12-28 16:30:00,52.3,0.0
2022-01-20 01:07:00,56.8,0.0
2024-07-22 08:35:00,75.9,0.0
2024-01-21 04:15:00,60.4,0.0
2024-01-21 19:20:00,56.7,0.2
2023-01-21 19:27:00,43.1,0.0
2022-01-21 12:00:00,52.7,0.0
2022-01-14 02:00:00,67.0,0.0
2024-01-22 16:19:00,52.6,0.1
2024-01-23 11:15:00,55.4,0.0
2024-01-12 16:25:00,44.0,0.0
2024-01-02 00:30:00,50.9,0.0
2023-07-01 19:15:00,63.8,0.0
2022-01-26 13:19:00,51.1,0.0
2022-01-26 21:00:00,42.3,0.0
2024-01-28 02:00:00,67.3,0.0
2024-01-04 21:30:00,42.4,0.0
2022-01-30 03:45:00,64.7,0.0
2023-01-30 17:30:00,46.3,0.2
2024-01-05 12:00:00,50.7,0.0
2022-01-30 13:45:00,51.4,0.0
2024-01-31 12:00:00,53.5,0.0
2023-01-31 19:25:00,40.0,0.0
2022-10-01 08:26:00,70.7,0.0
2024-10-01 16:22:00,64.1,0.0
2022-10-02 06:40:00,73.4,0.0
2022-10-02 14:40:00,67.0,0.0
2022-10-03 05:24:00,73.4,0.0
2022-09-30 00:15:00,67.0,0.0
2024-10-03 07:45:00,77.7,0.0
2023-10-10 15:25:00,65.7,0.2
2023-10-11 12:07:00,64.4,0.0
2022-10-11 14:14:00,65.3,0.0
2023-10-11 00:30:00,62.9,0.0
2023-10-03 11:52:00,67.3,0.0
2022-10-12 11:30:00,67.6,0.0
2024-10-13 04:00:00,70.1,0.0
2022-10-13 15:30:00,65.0,0.0
2022-10-13 22:05:00,64.8,0.0
2023-10-12 13:30:00,64.3,0.0
2023-10-04 09:24:00,76.0,0.0
2023-10-04 01:07:00,68.3,0.0
2024-10-04 07:40:00,74.1,0.0
2023-10-04 19:30:00,62.3,0.0
2024-10-04 16:52:00,63.6,0.0
2023-10-05 13:15:00,68.2,0.0
2022-10-02 07:55:00,72.9,0.0
2022-10-06 09:29:00,68.3,0.0
2023-10-06 11:52:00,70.6,0.0
2023-10-06 03:00:00,82.3,0.0
2022-10-06 11:55:00,65.6,0.0
2024-10-05 17:14:00,63.1,0.0
2024-10-06 12:00:00,66.0,0.0
2023-10-07 04:15:00,81.4,0.0
2022-10-09 02:55:00,70.7,0.0
2022-10-09 15:30:00,65.6,0.0
2023-10-09 20:52:00,64.1,0.0
2024-10-08 16:00:00,62.5,0.0
2023-10-10 10:25:00,68.0,0.0
2022-10-10 10:05:00,67.5,0.0
2023-10-14 11:30:00,67.2,0.0
2023-10-15 19:07:00,59.0,0.0
2022-10-15 21:05:00,64.1,0.0
2024-10-16 22:30:00,62.6,0.0
2022-10-15 12:06:00,63.1,1.4
2022-10-17 14:30:00,64.2,0.0
2022-10-16 05:00:00,69.6,0.1
2023-10-17 11:40:00,67.0,0.0
2024-10-17 15:47:00,61.8,0.0
2023-10-17 22:30:00,57.8,0.0
2024-10-26 05:02:00,74.0,0.0
2023-10-26 21:59:00,56.4,0.0
2022-10-27 00:30:00,58.6,0.0
2024-10-27 15:22:00,62.8,0.0
2024-10-24 20:00:00,56.8,0.0
2024-10-27 19:07:00,61.1,0.0
2022-10-27 21:16:00,54.2,0.0
2023-10-27 06:00:00,69.1,0.0
2023-10-27 23:00:00,51.8,0.0
2022-10-29 19:53:00,55.6,0.0
2024-10-17 19:10:00,60.4,0.0
2022-10-18 08:40:00,77.8,0.0
2022-10-18 04:30:00,75.7,0.0
2022-10-20 01:15:00,72.5,0.0
2023-10-20 08:35:00,76.1,0.0
2024-10-20 04:45:00,80.0,0.0
2023-10-19 19:20:00,63.5,0.0
2023-10-23 02:37:00,65.2,0.3
2023-10-22 15:15:00,64.2,0.0
2024-10-24 13:56:00,63.3,0.0
2024-10-24 13:00:00,63.3,0.0
2024-10-24 15:11:00,59.8,0.0
2024-10-24 21:15:00,55.8,0.0
2022-10-24 09:40:00,68.4,0.0
2024-10-25 02:00:00,64.8,0.0
2022-10-25 02:52:00,67.2,0.0
2024-10-25 13:32:00,61.6,0.0
2022-10-26 09:00:00,65.9,0.0
2023-10-26 01:00:00,64.1,0.1
2023-10-25 11:55:00,62.2,0.0
2022-10-29 12:30:00,61.3,0.0
2022-10-30 12:15:00,61.3,0.0
2024-02-01 02:01:00,54.9,3.8
2023-02-01 15:50:00,44.4,0.0
2023-02-01 15:10:00,44.4,0.0
2024-01-29 17:30:00,47.8,0.0
2024-01-20 15:00:00,56.8,0.0
2024-02-02 02:00:00,54.5,0.1
2024-02-02 02:12:00,54.5,0.1
2022-02-02 21:00:00,43.2,0.0
2024-02-14 17:30:00,48.7,0.0
2023-02-14 17:27:00,44.4,0.0
2024-02-15 11:30:00,52.3,0.0
2024-02-15 01:30:00,55.9,0.0
2024-02-15 20:50:00,48.1,0.0
2024-02-16 02:00:00,59.4,0.0
2024-02-02 21:00:00,49.2,0.0
2022-02-14 00:30:00,58.3,0.0
2024-02-16 15:50:00,49.7,0.0
2024-02-16 18:06:00,50.6,0.0
2022-02-08 10:30:00,61.0,0.0
2024-02-08 04:00:00,55.8,0.2
2022-02-08 06:27:00,73.0,0.0
2024-02-08 18:37:00,47.8,0.2
2023-02-06 07:00:00,57.8,0.0
2022-01-10 00:00:00,56.2,0.0
2022-02-09 13:00:00,60.6,0.0
2024-02-10 13:20:00,46.6,0.0
2023-02-11 20:58:00,46.3,0.0
2023-02-14 14:45:00,50.6,0.0
2023-02-16 20:10:00,46.2,0.0
2024-02-17 17:55:00,49.6,0.0
2024-02-17 17:15:00,49.6,0.0
2022-02-17 18:18:00,46.8,0.0
2022-02-17 21:30:00,44.1,0.0
2022-02-18 10:53:00,55.9,0.0
2023-02-18 12:13:00,48.7,0.0
2023-02-14 03:00:00,53.7,0.2
2023-02-18 12:00:00,48.7,0.0
2022-02-18 15:45:00,49.0,0.0
2023-02-18 18:19:00,46.2,0.0
2024-02-18 13:30:00,54.0,0.0
2024-02-18 18:00:00,50.8,0.0
2022-02-19 19:00:00,50.6,0.0
2022-02-20 01:00:00,56.1,0.0
2023-02-16 04:30:00,60.2,0.0
2023-02-23 19:02:00,45.1,0.0
2022-12-10 20:20:00,50.5,0.0
2022-02-24 01:15:00,51.4,0.0
2023-02-24 10:30:00,54.1,0.0
2024-02-24 20:24:00,51.2,0.0
2022-02-24 12:30:00,48.9,0.0
2024-01-30 15:55:00,52.8,0.0
2022-02-25 20:22:00,40.0,0.0
2024-02-24 11:05:00,59.3,0.0
2023-02-28 10:06:00,50.4,0.0
2022-02-28 10:19:00,60.9,0.0
2024-02-28 02:15:00,60.0,0.0
2023-02-18 12:00:00,48.7,0.0
2024-02-28 16:30:00,52.3,0.0
2024-02-28 18:07:00,51.7,0.0
2023-08-02 12:17:00,68.5,0.0
2024-08-05 10:30:00,74.2,0.0
2022-08-05 10:38:00,73.8,0.0
2024-08-06 07:30:00,77.5,0.0
2023-08-07 20:05:00,67.0,0.0
2022-08-08 21:01:00,68.4,0.0
2022-08-11 05:50:00,82.0,0.0
2023-08-11 00:15:00,69.4,0.0
2023-08-11 10:45:00,70.2,0.0
2023-08-15 13:15:00,69.1,0.0
2023-08-15 13:07:00,69.1,0.0
2024-08-15 17:00:00,66.7,0.0
2023-08-19 06:45:00,71.7,0.0
2023-08-20 16:49:00,65.3,0.7
2022-08-21 01:00:00,71.2,0.0
2023-08-22 16:27:00,64.2,0.0
2024-08-23 12:25:00,67.9,0.0
2024-08-24 21:12:00,60.3,0.0
2024-08-25 11:37:00,71.6,0.0
2023-08-22 13:10:00,65.9,0.0
2024-08-25 15:30:00,67.7,0.0
2024-08-25 13:10:00,69.7,0.0
2022-08-26 18:29:00,67.5,0.0
2023-08-27 05:00:00,78.6,0.0
2022-08-28 08:45:00,73.1,0.0
2023-08-28 18:25:00,66.1,0.0
2024-08-28 14:37:00,66.0,0.0
2024-05-02 09:30:00,64.9,0.0
2024-05-02 15:27:00,58.9,0.0
2022-05-02 17:00:00,57.7,0.0
2022-05-02 16:45:00,58.4,0.0
2023-05-03 13:25:00,55.0,0.0
2022-05-08 08:35:00,61.9,0.1
2023-05-05 22:00:00,50.3,0.1
2023-05-09 13:15:00,57.2,0.1
2023-05-09 20:36:00,54.3,0.0
2024-05-11 08:57:00,65.5,0.0
2022-05-11 09:15:00,61.1,0.0
2023-05-12 11:00:00,60.0,0.0
2024-05-12 22:05:00,59.5,0.0
2022-05-13 10:36:00,70.1,0.0
2023-05-13 19:05:00,57.6,0.0
2022-05-13 20:40:00,55.9,0.0
2024-05-13 21:45:00,57.6,0.0
2024-05-13 21:45:00,57.6,0.0
2024-05-14 13:00:00,59.1,0.0
2024-05-15 14:14:00,58.5,0.0
2024-05-12 10:30:00,62.6,0.0
2022-05-16 15:37:00,59.5,0.0
2024-05-13 09:30:00,63.4,0.0
2024-05-19 18:25:00,55.1,0.0
2023-05-20 03:15:00,65.5,0.0
2023-05-20 12:39:00,60.6,0.0
2022-05-20 13:00:00,59.5,0.0
2024-05-20 03:30:00,64.1,0.0
2023-05-20 19:45:00,58.7,0.0
2023-05-22 01:10:00,62.2,0.0
2024-05-23 20:45:00,57.3,0.0
2024-05-23 08:32:00,64.0,0.0
2024-05-24 08:45:00,65.4,0.0
2024-05-24 13:15:00,57.8,0.0
2022-05-23 12:45:00,58.3,0.0
2023-05-24 14:27:00,58.8,0.0
2023-05-26 19:30:00,58.6,0.0
2024-05-28 05:30:00,66.9,0.0
2022-05-29 10:00:00,64.3,0.0
2024-05-30 20:45:00,57.8,0.0
2023-11-01 18:50:00,56.8,0.0
2024-11-02 07:50:00,65.8,0.0
2024-11-02 18:00:00,57.8,0.0
2022-11-03 07:55:00,61.1,0.0
2024-11-04 06:20:00,70.3,0.0
2024-11-03 19:30:00,49.4,0.0
2022-11-04 15:00:00,53.8,0.0
2024-11-04 02:25:00,67.2,0.0
2024-11-05 03:30:00,70.2,0.0
2024-11-05 05:45:00,70.7,0.0
2022-11-03 01:10:00,56.9,0.0
2023-11-06 11:00:00,61.0,0.0
2022-11-06 09:30:00,60.4,0.0
2022-11-06 14:02:00,57.6,0.0
2022-11-07 08:42:00,61.9,0.2
2023-11-07 09:50:00,63.7,0.1
2022-11-06 03:30:00,65.9,0.0
2023-11-07 12:55:00,62.3,0.0
2024-11-09 13:30:00,56.4,0.0
2024-11-09 01:30:00,66.1,0.0
2024-11-10 16:59:00,53.2,0.0
2024-11-11 12:45:00,56.5,0.0
2023-11-10 18:00:00,48.3,0.0
2023-11-12 18:07:00,53.1,0.0
2022-11-14 15:07:00,49.6,0.0
2024-11-14 12:00:00,57.8,0.0
2023-11-15 10:15:00,59.9,4.4
2024-11-15 11:49:00,55.0,0.0
2024-11-15 11:42:00,55.0,0.0
2024-11-15 13:30:00,55.1,0.0
2023-11-16 10:30:00,61.3,0.0
2022-11-16 15:10:00,53.0,0.0
2024-11-17 19:39:00,50.8,0.0
2024-11-18 13:36:00,54.4,0.0
2024-11-19 06:35:00,63.1,0.0
2022-11-20 00:45:00,55.0,0.0
2023-11-19 06:35:00,64.4,0.0
2024-11-20 05:30:00,67.7,0.0
2024-11-20 21:58:00,42.6,0.0
2023-11-21 07:47:00,77.0,0.0
2022-11-20 11:37:00,62.5,0.0
2023-11-21 12:37:00,61.5,0.0
2024-11-25 21:10:00,,
2023-11-27 15:13:00,52.4,0.0
2024-11-25 14:00:00,,
2023-11-25 04:00:00,64.5,0.0
2023-11-28 18:42:00,48.7,0.0
2024-11-29 00:40:00,,
2023-11-27 20:30:00,51.1,0.0
2023-07-02 15:50:00,62.6,0.0
2024-07-03 17:15:00,66.7,0.0
2022-07-03 20:15:00,64.0,0.0
2022-07-05 11:38:00,67.6,0.0
2024-07-03 05:20:00,75.4,0.0
2022-06-11 16:00:00,62.5,0.0
2022-07-07 10:15:00,69.9,0.0
2022-07-11 13:28:00,64.8,0.0
2023-07-03 20:10:00,62.3,0.0
2022-07-13 17:58:00,64.3,0.0
2024-07-14 04:00:00,74.7,0.0
2023-07-18 09:00:00,73.6,0.0
2022-07-19 20:57:00,65.4,0.0
2023-07-20 20:46:00,63.9,0.0
2024-07-21 12:17:00,68.4,0.0
2022-07-01 17:30:00,65.7,0.0
2024-07-21 21:34:00,65.2,0.0
2022-07-22 18:22:00,64.9,0.0
2022-07-23 00:45:00,66.2,0.0
2022-07-24 17:36:00,65.4,0.0
2022-07-23 18:30:00,64.0,0.0
2024-07-25 10:54:00,76.2,0.0
2023-07-26 12:00:00,72.5,0.0
2023-07-26 14:15:00,69.4,0.0
2023-07-28 18:00:00,67.0,0.0
2022-07-30 14:13:00,68.7,0.0
2023-07-30 06:50:00,75.3,0.0
2022-07-30 13:35:00,69.2,0.0
2022-07-16 16:30:00,65.9,0.0
2022-06-02 19:28:00,57.6,0.0
2024-06-03 13:30:00,60.1,0.0
2023-06-03 05:05:00,65.4,0.0
2023-05-26 16:30:00,58.9,0.0
2022-06-05 15:34:00,62.8,0.0
2024-06-05 22:28:00,60.9,0.0
2022-06-05 23:10:00,63.8,0.0
2022-06-06 03:30:00,73.2,0.0
2023-06-05 04:40:00,61.9,0.0
2023-06-06 20:00:00,58.0,0.0
2022-06-08 08:30:00,70.8,0.0
2023-06-10 18:35:00,59.5,0.1
2023-06-10 02:27:00,63.3,0.1
2024-06-10 14:30:00,61.7,0.0
2023-06-16 16:31:00,60.8,0.0
2023-06-16 23:25:00,61.6,0.0
2023-06-21 12:55:00,62.1,0.0
2024-06-21 08:57:00,71.6,0.0
2022-06-22 20:15:00,66.1,0.0
2022-06-26 14:40:00,65.5,0.0
2024-06-23 23:30:00,68.7,0.0
2023-06-29 16:05:00,61.3,0.0
2022-06-29 21:15:00,65.8,0.0
2024-09-03 08:17:00,78.6,0.0
2024-09-06 19:30:00,71.0,0.0
2024-09-13 12:00:00,66.4,0.0
2022-09-14 15:25:00,65.7,0.0
2024-09-21 02:43:00,66.5,0.0
2022-09-21 15:45:00,65.7,0.0
2023-09-25 20:22:00,60.7,0.0
2023-09-26 11:25:00,67.8,0.0
2024-09-26 11:40:00,64.9,0.0
2024-09-26 19:04:00,61.3,0.0
2023-09-23 11:27:00,65.2,0.0
2022-09-27 10:11:00,75.4,0.0
2024-09-27 20:16:00,61.0,0.0
2022-09-28 12:25:00,68.8,0.0
2022-09-30 02:45:00,71.0,0.0
2024-09-28 22:40:00,57.8,0.0
2024-09-30 12:32:00,65.4,0.0
2024-09-24 00:00:00,64.0,0.0
2024-09-30 17:25:00,62.8,0.0
2022-09-30 19:02:00,62.8,0.0
2023-09-30 16:25:00,61.4,0.2
2023-08-12 16:21:00,66.2,0.0
2022-08-13 20:15:00,68.7,0.0
2022-08-14 08:45:00,79.6,0.0
2023-08-14 16:00:00,67.0,0.0
2022-08-08 07:15:00,79.3,0.0
2023-08-15 20:10:00,66.7,0.0
2023-08-19 16:15:00,69.7,0.0
2022-08-21 19:30:00,66.1,0.0
2023-08-21 12:00:00,66.7,0.0
2024-08-25 21:00:00,61.7,0.0
2023-08-25 03:30:00,70.7,0.0
2023-08-26 21:33:00,61.9,0.0
2024-08-27 13:30:00,67.0,0.0
2024-06-01 12:52:00,59.9,0.0
2023-06-01 14:31:00,59.2,0.0
2024-06-01 02:30:00,63.6,0.0
2024-06-02 03:25:00,64.8,0.0
2023-06-02 15:30:00,59.7,0.0
2023-06-04 16:10:00,59.5,0.0
2022-05-29 16:30:00,59.7,0.0
2022-06-05 09:00:00,67.6,0.0
2024-05-29 14:27:00,58.8,0.0
2022-06-06 02:30:00,70.3,0.0
2022-06-07 15:30:00,61.0,0.0
2023-06-08 09:00:00,65.8,0.0
2022-06-06 06:00:00,72.6,0.0
2024-06-08 20:25:00,61.0,0.0
2022-06-10 20:30:00,63.1,0.0
2022-06-10 15:37:00,63.8,0.0
2024-06-10 14:30:00,61.7,0.0
2023-06-10 09:06:00,63.4,0.0
2022-06-10 20:37:00,63.1,0.0
2023-06-10 01:00:00,62.1,0.1
2024-06-11 13:00:00,61.0,0.0
2024-06-07 16:00:00,61.0,0.0
2022-06-10 21:50:00,63.1,0.0
2024-05-09 02:00:00,63.1,0.0
2022-06-13 16:00:00,64.0,0.0
2023-06-04 17:15:00,59.5,0.0
2023-06-27 15:04:00,60.8,0.0
2024-01-03 12:00:00,50.1,0.3
2023-01-06 04:30:00,58.7,0.0
2022-12-27 03:30:00,65.6,0.0
2022-01-06 19:30:00,47.8,0.0
2022-01-06 18:07:00,49.4,0.0
2022-01-07 16:37:00,53.2,0.0
2022-01-07 19:35:00,52.3,0.0
2024-12-27 20:00:00,,
2024-01-08 17:45:00,41.2,0.0
2023-12-28 11:00:00,54.1,0.0
2024-06-28 01:30:00,70.1,0.0
2023-01-09 13:13:00,55.4,0.0
2023-01-09 17:30:00,56.0,0.0
2022-01-10 11:30:00,59.4,0.0
2023-12-31 00:00:00,54.1,0.1
2024-01-11 17:10:00,42.8,0.0
2024-01-10 17:30:00,54.2,0.0
2023-01-11 20:15:00,49.6,0.0
2022-01-12 12:07:00,55.7,0.0
2022-01-12 16:43:00,52.5,0.0
2022-01-12 12:30:00,55.7,0.0
2022-01-14 16:30:00,56.8,0.0
2023-07-17 17:00:00,67.6,0.0
2024-01-16 16:10:00,53.7,0.0
2022-01-18 10:55:00,55.9,0.0
2024-01-18 19:15:00,49.9,0.0
2024-01-19 15:00:00,55.0,0.0
2024-01-15 05:00:00,60.4,0.0
2022-01-20 04:30:00,67.1,0.0
2023-01-20 20:56:00,43.0,0.0
2023-01-20 22:05:00,41.5,0.0
2022-01-19 19:00:00,48.0,0.0
2023-01-21 15:15:00,45.3,0.0
2024-01-20 20:02:00,55.5,0.1
2024-01-21 19:17:00,56.7,0.2
2022-01-22 17:25:00,47.4,0.0
2023-01-21 13:30:00,50.7,0.0
2024-01-21 12:45:00,55.9,0.0
2023-01-23 14:00:00,45.4,0.0
2022-01-23 16:43:00,49.0,0.0
2022-01-23 19:00:00,46.2,0.0
2022-01-24 16:07:00,50.1,0.0
2023-01-24 18:30:00,43.8,0.0
2023-01-25 19:35:00,50.9,0.0
2023-01-25 20:45:00,52.5,0.0
2023-01-24 11:30:00,51.4,0.0
2023-01-26 12:15:00,55.0,0.0
2023-01-26 19:07:00,47.8,0.0
2024-01-28 00:17:00,53.7,0.0
2023-01-28 19:48:00,52.0,0.2
2023-02-02 03:30:00,60.0,0.0
2022-02-02 13:15:00,49.3,0.0
2022-02-03 22:45:00,49.3,0.0
2022-02-04 03:25:00,63.9,0.0
2023-02-04 09:35:00,57.8,0.0
2023-02-03 23:00:00,43.3,0.0
2024-01-02 16:24:00,51.0,0.0
2024-02-06 03:15:00,55.7,0.7
2024-02-06 12:50:00,50.3,0.4
2022-02-07 06:45:00,71.8,0.0
2022-04-29 23:45:00,54.1,0.0
2023-05-06 15:30:00,54.7,0.0
2023-05-08 11:00:00,58.9,0.0
2023-05-08 16:42:00,54.9,0.0
2022-05-08 17:00:00,56.9,0.0
2023-05-09 07:00:00,63.4,0.0
2022-05-09 19:45:00,52.0,0.0
2023-04-22 02:00:00,71.1,0.0
2024-05-12 17:15:00,57.5,0.0
2024-05-14 19:10:00,58.4,0.0
2023-05-12 10:10:00,61.5,0.0
2023-05-17 14:25:00,57.7,0.0
2022-05-17 12:00:00,59.5,0.0
2022-05-17 16:40:00,57.6,0.0
2022-05-18 13:40:00,58.2,0.0
2024-05-18 17:02:00,58.6,0.0
2024-05-18 14:00:00,59.5,0.0
2023-05-19 19:00:00,58.1,0.0
2023-05-19 16:30:00,58.2,0.0
2023-05-19 03:30:00,64.0,0.0
2024-05-18 02:00:00,64.0,0.0
2023-05-21 11:00:00,61.3,0.0
2023-05-21 17:40:00,59.5,0.0
2023-05-22 17:27:00,58.8,0.0
2024-05-21 14:00:00,58.0,0.0
2024-05-22 23:50:00,58.9,0.0
2024-05-23 14:15:00,58.6,0.0
2022-05-23 15:30:00,57.2,0.0
2022-05-19 19:27:00,57.9,0.0
2022-05-27 07:30:00,67.7,0.0
2023-05-27 04:10:00,64.9,0.2
2024-05-28 10:10:00,61.3,0.0
2023-05-30 08:40:00,61.1,0.0
2022-05-30 13:15:00,60.7,0.0
2022-02-01 11:42:00,54.1,0.0
2022-02-01 04:00:00,59.5,0.0
2022-02-01 20:45:00,46.9,0.0
2023-02-02 11:20:00,50.7,0.0
2022-02-02 14:37:00,47.0,0.0
2022-01-31 12:00:00,53.2,0.0
2024-01-23 03:00:00,61.7,0.0
2022-02-04 16:30:00,50.2,0.0
2024-02-05 14:30:00,53.6,2.2
2022-02-06 12:15:00,57.3,0.0
2023-02-07 14:52:00,47.7,0.0
2023-02-08 15:50:00,49.1,0.0
2023-02-08 14:15:00,50.3,0.0
2024-02-08 19:45:00,47.2,0.1
2022-02-08 11:40:00,60.3,0.0
2024-02-08 22:45:00,48.2,0.3
2024-02-09 16:15:00,47.0,0.0
2022-02-11 17:10:00,56.1,0.0
2023-02-11 23:27:00,46.0,0.0
2023-02-12 17:30:00,46.9,0.0
2022-02-05 00:00:00,51.6,0.0
2023-02-13 13:10:00,53.2,0.3
2022-02-15 12:22:00,50.9,2.6
2024-02-15 18:30:00,48.3,0.0
2022-02-15 20:14:00,46.4,0.0
2022-02-15 19:35:00,47.3,0.0
2024-11-20 15:25:00,52.4,0.0
2023-11-21 14:35:00,56.9,0.0
2022-11-21 18:45:00,50.8,0.0
2022-11-22 03:34:00,68.4,0.0
2024-11-21 01:20:00,60.4,0.0
2023-11-20 01:00:00,64.0,0.0
2023-11-21 19:07:00,50.5,0.0
2022-11-23 12:37:00,53.2,0.0
2022-11-23 18:50:00,47.8,0.0
2023-11-24 05:15:00,62.5,0.1
2024-02-16 04:30:00,61.3,0.0
2023-02-15 15:30:00,41.3,0.0
2022-02-15 19:00:00,47.3,0.0
2023-02-17 12:00:00,47.0,0.0
2024-02-21 12:00:00,53.1,0.0
2024-02-22 16:47:00,51.0,0.0
2022-02-22 17:00:00,48.5,0.4
2024-02-22 16:50:00,51.0,0.0
2023-02-23 04:45:00,50.2,0.1
2023-02-22 17:35:00,46.7,0.2
2024-02-28 12:30:00,55.8,0.0
2022-02-28 16:40:00,49.8,0.0
2024-03-04 18:30:00,50.5,0.0
2022-03-05 16:00:00,50.5,0.0
2024-03-05 17:07:00,50.1,0.0
2022-03-05 19:40:00,49.9,0.0
2024-03-07 19:07:00,49.4,0.0
2024-03-08 15:37:00,50.7,0.0
2022-03-08 17:07:00,47.2,0.0
2024-03-08 23:27:00,52.4,0.0
2023-03-10 14:15:00,55.2,0.4
2022-03-10 20:07:00,44.5,0.0
2022-03-11 15:10:00,49.6,0.0
2024-03-07 16:45:00,50.5,0.0
2024-03-07 04:45:00,59.1,0.3
2024-03-12 17:25:00,54.2,0.0
2022-03-13 21:27:00,50.9,0.0
2024-03-13 15:05:00,52.3,0.0
2022-03-14 04:52:00,66.7,0.0
2023-03-08 23:27:00,47.7,0.0
2022-03-14 13:00:00,54.9,0.0
2022-03-16 07:50:00,66.3,0.0
2024-03-16 02:00:00,59.4,0.0
2022-03-16 02:05:00,59.7,0.0
2023-03-17 03:30:00,57.5,0.0
2024-03-18 15:40:00,54.2,0.0
2024-03-16 08:07:00,61.3,0.0
2024-05-02 06:45:00,67.6,0.0
2022-03-19 12:37:00,57.6,0.0
2023-03-18 02:42:00,61.4,0.0
2022-03-19 13:37:00,57.4,0.0
2022-03-12 17:30:00,49.4,0.0
2022-03-21 15:25:00,55.6,0.0
2022-03-22 01:00:00,64.7,0.0
2022-03-22 09:00:00,70.7,0.0
2024-03-22 16:30:00,55.9,0.0
2023-03-22 21:21:00,47.3,0.0
2024-02-21 12:30:00,53.1,0.0
2023-03-29 02:30:00,53.8,0.2
2022-03-31 12:00:00,56.7,0.1
2023-06-27 12:22:00,62.0,0.0
2022-06-28 12:00:00,70.6,0.0
2022-07-03 16:32:00,63.5,0.0
2024-07-04 09:30:00,72.1,0.0
2023-07-03 16:00:00,62.3,0.0
2022-07-04 18:37:00,62.0,0.0
2023-07-07 09:00:00,67.5,0.0
2024-07-13 10:28:00,71.2,0.0
2022-07-18 15:53:00,66.4,0.0
2023-07-18 14:00:00,67.2,0.0
2024-07-19 10:18:00,72.3,0.0
2022-07-23 04:15:00,72.6,0.0
2024-07-23 12:45:00,70.3,0.0
2022-07-25 22:00:00,64.3,0.0
2022-01-27 20:34:00,50.5,0.0
2024-07-30 17:25:00,63.0,0.0
2023-04-01 22:30:00,50.4,0.0
2023-02-28 03:55:00,54.2,0.1
2024-04-01 08:42:00,59.7,0.0
2022-04-01 01:50:00,58.4,0.0
2023-04-01 17:46:00,47.7,0.0
2023-04-02 13:05:00,55.2,0.0
2023-03-18 01:15:00,56.0,0.0
2022-04-03 13:20:00,57.6,0.0
2024-04-03 11:32:00,57.5,0.0
2024-04-05 03:22:00,53.0,0.0
2023-04-05 11:30:00,53.2,0.0
2022-04-06 04:45:00,72.9,0.0
2023-04-07 02:22:00,59.2,0.0
2022-04-04 15:15:00,56.9,0.0
2022-04-08 19:35:00,61.0,0.0
2024-04-09 04:25:00,69.5,0.0
2022-04-10 08:20:00,65.7,0.0
2022-04-09 17:45:00,56.9,0.0
2022-04-11 11:55:00,58.8,0.0
2023-04-07 11:17:00,53.8,0.0
2023-04-13 07:30:00,55.1,0.3
2022-04-14 07:45:00,64.1,0.0
2023-04-14 09:45:00,57.8,0.0
2022-04-14 17:00:00,53.6,0.0
2023-04-16 12:52:00,53.1,0.0
2022-04-19 05:45:00,67.0,0.0
2022-02-25 00:00:00,46.3,0.0
2023-04-20 03:00:00,66.8,0.0
2022-04-20 12:50:00,57.1,0.0
2022-04-21 04:22:00,64.9,0.0
2023-04-19 15:30:00,51.5,0.0
2022-04-17 05:00:00,66.2,0.0
2023-04-23 14:24:00,56.0,0.0
2024-04-25 09:50:00,62.0,0.0
2024-04-25 12:36:00,57.3,0.0
2024-03-27 12:00:00,55.0,0.0
2024-04-26 16:00:00,56.7,0.0
2022-04-26 16:03:00,57.6,0.0
2024-04-27 05:10:00,63.6,0.0
2024-04-28 13:00:00,58.3,0.0
2024-04-28 19:02:00,52.1,0.0
2024-04-24 04:00:00,64.9,0.0
2022-04-29 17:42:00,55.4,0.0
2024-04-29 14:22:00,57.7,0.0
2024-04-29 20:50:00,53.8,0.0
2022-04-29 18:15:00,54.8,0.0
2022-04-29 17:57:00,55.4,0.0
2022-04-29 20:27:00,55.6,0.0
2023-04-30 15:28:00,55.8,0.0
2022-04-30 21:07:00,56.5,0.0
2024-10-02 17:45:00,64.5,0.0
2024-10-02 17:25:00,64.5,0.0
2023-10-02 19:12:00,56.4,0.0
2024-10-03 17:19:00,63.3,0.0
2024-10-04 13:33:00,64.5,0.0
2022-10-04 11:55:00,68.8,0.0
2024-10-04 14:05:00,64.2,0.0
2022-10-04 14:15:00,65.8,0.0
2024-10-05 01:45:00,62.6,0.0
2022-10-05 02:45:00,69.0,0.0
2024-10-05 20:40:00,62.9,0.0
2023-10-02 18:00:00,57.3,0.0
2022-10-07 12:30:00,67.8,0.0
2024-10-07 16:29:00,62.8,0.0
2023-10-07 13:20:00,68.4,0.0
2024-10-07 17:30:00,61.8,0.0
2023-10-07 17:37:00,67.2,0.0
2023-10-07 14:30:00,66.9,0.0
2024-10-05 21:29:00,63.1,0.0
2024-08-15 16:30:00,67.6,0.0
2023-10-08 12:30:00,69.5,0.0
2022-10-07 03:55:00,72.7,0.0
2022-10-08 21:27:00,65.7,0.0
2024-10-09 14:05:00,62.8,0.0
2022-01-28 23:01:00,51.6,0.0
2022-01-29 04:00:00,64.3,0.0
2022-01-30 08:40:00,59.8,0.0
2024-01-30 10:10:00,56.6,0.0
2022-01-31 16:35:00,53.2,0.0
2023-05-01 23:30:00,55.1,0.0
2022-05-02 03:15:00,65.0,0.0
2024-05-04 08:30:00,65.8,0.0
2024-05-01 13:00:00,59.1,0.0
2024-05-06 12:00:00,59.2,0.0
2024-10-09 13:30:00,62.6,0.0
2023-10-09 17:22:00,61.9,0.0
2022-10-10 12:25:00,65.8,0.0
2024-10-10 20:30:00,59.1,0.0
2024-10-09 20:52:00,58.8,0.0
2023-10-10 01:40:00,64.6,0.0
2023-10-11 16:22:00,62.7,0.0
2023-10-11 15:10:00,62.4,0.1
2024-10-07 21:55:00,61.4,0.0
2024-10-12 14:37:00,60.1,0.0
2023-10-12 23:19:00,59.7,0.0
2024-10-12 23:27:00,59.0,0.0
2022-10-11 22:47:00,66.1,0.1
2024-10-11 20:30:00,58.1,0.0
2024-10-13 21:47:00,60.4,0.0
2024-10-14 10:15:00,65.1,0.0
2024-10-14 22:18:00,62.1,0.0
2023-10-14 16:25:00,64.9,0.0
2024-10-15 14:12:00,61.3,0.0
2024-10-15 15:27:00,61.2,0.0
2022-10-16 11:21:00,64.8,0.0
2023-10-15 17:00:00,61.4,0.0
2024-10-16 17:00:00,61.5,0.0
2023-10-16 13:10:00,65.8,0.0
2022-10-11 16:00:00,64.9,0.0
2024-10-17 13:10:00,62.3,0.1
2024-10-15 14:22:00,61.3,0.0
2024-10-17 14:22:00,62.2,0.0
2024-10-17 16:00:00,61.1,0.0
2023-10-18 03:00:00,73.9,0.0
2024-10-18 01:57:00,63.6,0.0
2023-10-18 14:10:00,65.8,0.0
2022-10-18 17:25:00,65.8,0.0
2022-10-19 15:37:00,68.2,0.0
2023-10-19 20:19:00,63.2,0.0
2024-10-20 04:30:00,80.0,0.0
2022-10-21 16:26:00,64.1,0.0
2024-10-21 02:00:00,72.1,0.0
2023-10-21 16:15:00,63.6,0.0
2023-10-21 16:15:00,63.6,0.0
2023-10-21 19:45:00,64.0,0.0
2022-10-21 19:15:00,63.2,0.0
2023-10-21 20:44:00,63.4,0.0
2023-10-22 02:07:00,66.7,0.0
2024-10-22 09:30:00,72.6,0.0
2024-10-21 04:00:00,78.5,0.0
2023-10-22 15:10:00,64.2,0.0
2023-10-22 16:00:00,63.2,0.2
2022-10-22 17:25:00,61.8,0.4
2022-10-22 05:00:00,66.5,0.0
2024-10-22 19:16:00,61.1,0.0
2023-10-22 12:00:00,64.9,0.1
2024-10-22 17:45:00,65.8,0.0
2022-10-23 04:15:00,66.7,0.0
2024-10-23 12:29:00,66.8,0.0
2024-10-23 13:10:00,67.1,0.0
2024-10-16 12:45:00,62.0,0.0
2022-10-23 12:20:00,62.2,0.0
2022-10-23 18:26:00,55.5,0.0
2022-10-22 01:00:00,64.3,0.0
2024-10-25 12:25:00,62.3,0.0
2023-10-25 14:20:00,60.3,0.0
2022-10-25 19:32:00,57.0,0.0
2022-10-26 13:35:00,62.0,0.0
2023-10-26 18:00:00,58.4,0.0
2023-10-27 11:46:00,62.2,0.0
2024-10-27 14:10:00,63.1,0.0
2024-10-27 08:45:00,71.8,0.0
2023-10-28 00:00:00,55.1,0.0
2024-10-28 14:22:00,60.8,0.1
2024-10-28 14:40:00,60.8,0.1
2022-10-26 17:37:00,58.8,0.0
2022-10-28 18:40:00,59.6,0.0
2023-10-28 15:55:00,57.7,0.0
2024-10-28 03:42:00,67.7,0.0
2023-10-29 06:15:00,79.1,0.0
2022-10-29 15:42:00,58.0,0.0
2022-10-28 18:05:00,59.6,0.0
2022-10-29 12:00:00,61.3,0.0
2022-10-29 20:30:00,55.0,0.0
2023-10-30 16:30:00,60.5,0.0
2024-01-10 17:52:00,54.2,0.0
2023-12-01 11:55:00,53.8,0.0
2022-12-01 11:50:00,52.4,0.0
2022-09-11 14:24:00,72.1,0.0
2024-12-01 00:25:00,,
2023-09-11 05:40:00,83.7,0.0
2023-12-02 00:30:00,53.3,0.0
2022-12-03 13:45:00,53.1,0.0
2023-12-03 17:27:00,46.9,0.0
2022-09-30 17:35:00,63.7,0.0
2024-08-01 02:30:00,72.9,0.0
2022-08-01 04:00:00,76.2,0.0
2023-08-06 01:30:00,70.2,0.0
2024-08-07 17:45:00,65.4,0.0
2022-08-08 11:35:00,73.0,0.0
2022-08-08 12:00:00,71.7,0.0
2023-08-09 07:45:00,77.3,0.0
2022-08-09 03:15:00,79.2,0.0
2022-08-09 10:45:00,77.5,0.0
2024-12-03 19:15:00,,
2022-12-04 19:11:00,57.7,0.0
2024-12-04 21:00:00,,
2022-12-01 03:40:00,58.6,0.0
2024-12-04 17:30:00,,
2024-12-05 15:57:00,,
2022-12-06 08:52:00,57.1,0.0
2022-12-06 17:22:00,50.9,0.0
2024-12-05 15:07:00,,
2023-12-06 12:00:00,54.8,0.0
2022-12-05 12:55:00,54.3,0.0
2023-12-06 14:30:00,57.8,0.0
2023-09-11 06:30:00,79.4,0.0
2024-09-12 17:30:00,63.9,0.0
2022-09-14 05:30:00,72.1,0.0
2024-12-07 19:50:00,,
2024-12-08 17:07:00,,
2023-12-08 16:55:00,46.7,0.0
2022-12-08 23:34:00,39.5,0.0
2023-12-09 12:10:00,59.1,0.0
2022-12-09 14:30:00,46.9,0.0
2023-12-08 23:45:00,50.9,0.0
2024-12-06 02:15:00,,
2024-12-10 14:09:00,,
2022-11-26 02:20:00,65.4,0.0
2022-12-10 00:40:00,49.0,0.0
2023-12-12 09:30:00,57.7,0.0
2023-12-13 12:00:00,53.3,0.0
2023-12-13 14:45:00,51.7,0.0
2023-12-13 19:45:00,46.5,0.0
2023-12-14 23:23:00,48.8,0.0
2023-12-12 20:07:00,47.1,0.0
2022-12-16 17:30:00,44.5,0.0
2024-12-17 11:09:00,,
2023-12-17 13:43:00,61.2,0.0
2023-12-17 18:15:00,58.8,0.0
2024-12-18 13:22:00,,
2022-12-18 23:11:00,39.5,0.0
2024-12-21 11:47:00,,
2024-09-18 03:30:00,69.4,0.0
2024-12-28 15:00:00,,
2022-12-24 13:00:00,53.8,0.0
2022-12-28 05:16:00,60.4,0.0
2024-12-30 20:15:00,,
2024-09-01 14:45:00,66.9,0.0
2023-09-01 03:45:00,74.6,0.0
2022-09-02 16:50:00,73.8,0.0
2024-09-02 11:25:00,70.0,0.0
2024-09-04 14:00:00,72.9,0.0
2023-09-06 20:03:00,62.4,0.0
2022-02-24 19:19:00,39.5,0.0
2024-02-24 20:48:00,51.2,0.0
2024-02-24 21:33:00,50.9,0.0
2023-02-24 00:00:00,49.2,0.0
2024-02-24 14:07:00,53.8,0.0
2024-02-26 09:50:00,56.8,0.0
2023-02-26 17:30:00,42.1,0.0
2024-02-26 18:45:00,53.5,0.0
2023-02-26 18:45:00,42.7,0.0
2022-02-25 14:22:00,46.5,0.0
